,datetime,Daily Precipitation (in),Daily Snow Depth (in),Daily Average Temperature (F),Daily Maximum Temperature (F),Daily Minimum Temperature (F),Daily Water Equivalent (in),station,Year,Month,Density (%),Density (kg/m3),Daily Precipitation (cm),Daily Snow Depth (cm),Daily Water Equivalent (cm),Daily Average Temp (C)
9865,2021-10-02,0.0,,51.08,60.98,40.1,,Brackett,2021,10,,,0.0,,,10.6
8038,2021-10-02,0.0,,49.46,62.42,35.78,,Sacajawea,2021,10,,,0.0,,,9.700000000000001
8039,2021-10-03,0.0,,55.76,66.2,44.06,,Sacajawea,2021,10,,,0.0,,,13.199999999999998
9866,2021-10-03,0.0,,55.58,64.4,47.66,,Brackett,2021,10,,,0.0,,,13.1
8040,2021-10-04,0.0,,56.66,71.6,41.36,,Sacajawea,2021,10,,,0.0,,,13.699999999999998
9867,2021-10-04,0.0,,57.92,71.78,49.64,,Brackett,2021,10,,,0.0,,,14.400000000000002
9868,2021-10-05,0.0,,58.46,70.88,49.64,,Brackett,2021,10,,,0.0,,,14.700000000000001
8041,2021-10-05,0.0,,58.64,71.96,48.56,,Sacajawea,2021,10,,,0.0,,,14.799999999999999
9869,2021-10-06,0.0,,52.16,62.24,43.34,,Brackett,2021,10,,,0.0,,,11.199999999999998
8042,2021-10-06,0.1,,54.14,63.5,42.26,,Sacajawea,2021,10,,,0.254,,,12.3
9870,2021-10-07,0.6,,41.54,46.22,37.76,,Brackett,2021,10,,,1.524,,,5.3
8043,2021-10-07,0.4,,41.54,47.48,36.32,,Sacajawea,2021,10,,,1.016,,,5.3
9871,2021-10-08,0.2,,40.82,46.22,37.4,,Brackett,2021,10,,,0.508,,,4.9
8044,2021-10-08,0.3,,41.72,48.38,36.86,,Sacajawea,2021,10,,,0.762,,,5.3999999999999995
9872,2021-10-09,0.1,,39.02,44.78,35.24,,Brackett,2021,10,,,0.254,,,3.9000000000000017
8045,2021-10-09,0.0,,41.72,46.4,39.38,,Sacajawea,2021,10,,,0.0,,,5.3999999999999995
9873,2021-10-10,0.4,,39.56,50.36,30.02,,Brackett,2021,10,,,1.016,,,4.200000000000001
8046,2021-10-10,0.4,,42.8,52.34,32.36,,Sacajawea,2021,10,,,1.016,,,5.999999999999998
9874,2021-10-11,1.7,3.0,24.26,30.02,20.84,0.4,Brackett,2021,10,13.333333333333334,133.33333333333334,4.318,7.62,1.016,-4.299999999999999
8047,2021-10-11,1.4,1.0,26.96,32.36,23.72,0.2,Sacajawea,2021,10,20.0,200.0,3.5559999999999996,2.54,0.508,-2.7999999999999994
9875,2021-10-12,0.2,16.0,22.46,25.88,20.84,2.0,Brackett,2021,10,12.5,125.0,0.508,40.64,5.08,-5.3
8048,2021-10-12,0.2,10.0,25.16,29.12,23.72,1.4,Sacajawea,2021,10,13.999999999999998,139.99999999999997,0.508,25.4,3.5559999999999996,-3.8000000000000003
8049,2021-10-13,0.2,9.0,28.22,35.06,24.26,1.4,Sacajawea,2021,10,15.555555555555555,155.55555555555554,0.508,22.86,3.5559999999999996,-2.1000000000000005
9876,2021-10-13,0.2,12.0,25.16,32.36,21.56,2.1,Brackett,2021,10,17.5,175.0,0.508,30.48,5.3340000000000005,-3.8000000000000003
8050,2021-10-14,0.3,8.0,28.76,30.2,27.32,1.6,Sacajawea,2021,10,20.0,200.0,0.762,20.32,4.064,-1.7999999999999992
9877,2021-10-14,0.3,15.0,25.52,26.78,24.26,2.3,Brackett,2021,10,15.333333333333332,153.33333333333331,0.762,38.1,5.842,-3.6000000000000005
9878,2021-10-15,0.1,16.0,33.26,39.74,25.34,2.5,Brackett,2021,10,15.625,156.25,0.254,40.64,6.35,0.6999999999999988
8051,2021-10-15,0.1,10.0,36.86,42.26,28.94,1.8,Sacajawea,2021,10,18.0,180.0,0.254,25.4,4.572,2.6999999999999997
9879,2021-10-16,0.0,13.0,44.24,51.98,37.76,2.4,Brackett,2021,10,18.46153846153846,184.61538461538458,0.0,33.02,6.096,6.800000000000001
8052,2021-10-16,0.0,8.0,45.86,55.58,35.78,1.7,Sacajawea,2021,10,21.25,212.5,0.0,20.32,4.318,7.699999999999999
9880,2021-10-17,0.0,12.0,48.56,61.16,41.9,2.4,Brackett,2021,10,20.0,200.0,0.0,30.48,6.096,9.200000000000001
8053,2021-10-17,0.0,7.0,46.04,61.52,32.36,1.6,Sacajawea,2021,10,22.857142857142858,228.57142857142858,0.0,17.78,4.064,7.799999999999999
9881,2021-10-18,0.0,10.0,44.78,55.76,35.24,2.3,Brackett,2021,10,23.0,230.0,0.0,25.4,5.842,7.1000000000000005
8054,2021-10-18,0.0,5.0,43.7,58.46,33.26,1.4,Sacajawea,2021,10,27.999999999999996,279.99999999999994,0.0,12.7,3.5559999999999996,6.500000000000002
8055,2021-10-19,0.0,4.0,35.24,44.96,29.3,1.2,Sacajawea,2021,10,30.0,300.0,0.0,10.16,3.048,1.8000000000000012
9882,2021-10-19,0.0,8.0,34.16,42.08,30.74,2.2,Brackett,2021,10,27.500000000000004,275.00000000000006,0.0,20.32,5.588000000000001,1.1999999999999982
9883,2021-10-20,0.0,8.0,40.1,50.72,29.66,2.0,Brackett,2021,10,25.0,250.0,0.0,20.32,5.08,4.500000000000001
8056,2021-10-20,0.0,3.0,40.82,52.16,27.32,1.0,Sacajawea,2021,10,33.33333333333333,333.33333333333326,0.0,7.62,2.54,4.9
8057,2021-10-21,0.0,2.0,47.48,53.6,40.1,1.0,Sacajawea,2021,10,50.0,500.0,0.0,5.08,2.54,8.599999999999998
9884,2021-10-21,0.0,8.0,44.96,52.16,39.02,2.0,Brackett,2021,10,25.0,250.0,0.0,20.32,5.08,7.200000000000001
8058,2021-10-22,0.0,1.0,50.18,64.04,37.04,0.5,Sacajawea,2021,10,50.0,500.0,0.0,2.54,1.27,10.100000000000001
9885,2021-10-22,0.0,7.0,50.9,61.16,44.24,1.9,Brackett,2021,10,27.142857142857142,271.42857142857144,0.0,17.78,4.826,10.5
9886,2021-10-23,0.0,5.0,37.04,44.78,32.54,1.8,Brackett,2021,10,36.0,360.0,0.0,12.7,4.572,2.7999999999999994
8059,2021-10-23,0.0,1.0,40.46,49.46,33.44,0.2,Sacajawea,2021,10,20.0,200.0,0.0,2.54,0.508,4.7
8060,2021-10-24,0.0,1.0,41.54,48.92,32.0,0.2,Sacajawea,2021,10,20.0,200.0,0.0,2.54,0.508,5.3
9887,2021-10-24,0.0,5.0,40.1,49.28,31.46,1.6,Brackett,2021,10,32.0,320.0,0.0,12.7,4.064,4.500000000000001
9888,2021-10-25,1.1,5.0,39.56,44.24,33.44,1.6,Brackett,2021,10,32.0,320.0,2.7940000000000005,12.7,4.064,4.200000000000001
8061,2021-10-25,0.9,1.0,42.26,49.46,34.88,0.1,Sacajawea,2021,10,10.0,100.0,2.286,2.54,0.254,5.699999999999999
8062,2021-10-26,0.0,,35.06,38.48,32.0,,Sacajawea,2021,10,,,0.0,,,1.7000000000000013
9889,2021-10-26,0.1,4.0,32.0,34.16,29.12,1.3,Brackett,2021,10,32.5,325.0,0.254,10.16,3.302,0.0
8063,2021-10-27,0.0,,37.22,41.36,34.88,,Sacajawea,2021,10,,,0.0,,,2.8999999999999995
9890,2021-10-27,0.0,4.0,33.08,35.96,31.1,1.2,Brackett,2021,10,30.0,300.0,0.0,10.16,3.048,0.5999999999999991
8064,2021-10-28,0.0,,44.06,49.46,34.7,,Sacajawea,2021,10,,,0.0,,,6.700000000000001
9891,2021-10-28,0.1,4.0,39.92,44.96,31.1,1.2,Brackett,2021,10,30.0,300.0,0.254,10.16,3.048,4.400000000000001
9892,2021-10-29,0.0,3.0,45.68,49.82,36.32,1.1,Brackett,2021,10,36.66666666666667,366.66666666666674,0.0,7.62,2.7940000000000005,7.6000000000000005
8065,2021-10-29,0.1,,49.28,53.6,38.3,,Sacajawea,2021,10,,,0.254,,,9.600000000000001
9893,2021-10-30,0.0,2.0,28.58,37.04,22.46,0.7,Brackett,2021,10,35.0,350.0,0.0,5.08,1.7779999999999998,-1.900000000000001
8066,2021-10-30,0.0,,31.1,38.48,24.8,,Sacajawea,2021,10,,,0.0,,,-0.4999999999999992
8067,2021-10-31,0.0,,23.72,25.16,22.28,,Sacajawea,2021,10,,,0.0,,,-4.6000000000000005
9894,2021-10-31,0.0,2.0,21.56,23.36,19.4,0.7,Brackett,2021,10,35.0,350.0,0.0,5.08,1.7779999999999998,-5.800000000000001
9895,2021-11-01,0.0,2.0,25.34,36.86,13.64,0.7,Brackett,2021,11,35.0,350.0,0.0,5.08,1.7779999999999998,-3.6999999999999997
8068,2021-11-01,0.1,,25.16,35.6,19.04,,Sacajawea,2021,11,,,0.254,,,-3.8000000000000003
8069,2021-11-02,0.1,,38.66,46.04,26.24,,Sacajawea,2021,11,,,0.254,,,3.699999999999998
9896,2021-11-02,0.0,2.0,37.76,44.42,33.26,0.7,Brackett,2021,11,35.0,350.0,0.0,5.08,1.7779999999999998,3.199999999999999
8070,2021-11-03,0.0,,44.78,50.72,39.2,,Sacajawea,2021,11,,,0.0,,,7.1000000000000005
9897,2021-11-03,0.0,2.0,42.08,50.18,35.42,0.7,Brackett,2021,11,35.0,350.0,0.0,5.08,1.7779999999999998,5.599999999999999
9898,2021-11-04,0.1,2.0,45.32,53.6,35.6,0.6,Brackett,2021,11,30.0,300.0,0.254,5.08,1.524,7.3999999999999995
8071,2021-11-04,0.1,,45.32,56.12,36.14,,Sacajawea,2021,11,,,0.254,,,7.3999999999999995
8072,2021-11-05,0.0,,44.24,48.2,39.02,,Sacajawea,2021,11,,,0.0,,,6.800000000000001
9899,2021-11-05,0.0,1.0,40.28,45.5,35.78,0.3,Brackett,2021,11,30.0,300.0,0.0,2.54,0.762,4.6000000000000005
8073,2021-11-06,0.6,,41.18,46.58,34.52,,Sacajawea,2021,11,,,1.524,,,5.1
9900,2021-11-06,1.0,1.0,37.94,41.9,32.18,0.3,Brackett,2021,11,30.0,300.0,2.54,2.54,0.762,3.299999999999999
9901,2021-11-07,0.1,6.0,26.96,32.72,21.02,1.3,Brackett,2021,11,21.666666666666668,216.66666666666669,0.254,15.24,3.302,-2.7999999999999994
8074,2021-11-07,0.0,1.0,28.04,35.42,19.04,0.6,Sacajawea,2021,11,,,0.0,2.54,1.524,-2.2000000000000006
9902,2021-11-08,0.1,8.0,26.42,33.44,21.38,1.4,Brackett,2021,11,17.5,175.0,0.254,20.32,3.5559999999999996,-3.099999999999999
8075,2021-11-08,0.0,1.0,26.06,35.42,16.88,0.5,Sacajawea,2021,11,50.0,500.0,0.0,2.54,1.27,-3.3000000000000007
8076,2021-11-09,0.9,1.0,32.54,42.44,16.52,0.5,Sacajawea,2021,11,50.0,500.0,2.286,2.54,1.27,0.29999999999999954
9903,2021-11-09,1.0,8.0,32.18,39.2,21.92,1.4,Brackett,2021,11,17.5,175.0,2.54,20.32,3.5559999999999996,0.09999999999999984
8077,2021-11-10,0.1,3.0,28.4,31.46,24.08,1.1,Sacajawea,2021,11,36.66666666666667,366.66666666666674,0.254,7.62,2.7940000000000005,-2.000000000000001
9904,2021-11-10,0.1,11.0,24.44,28.4,20.66,2.4,Brackett,2021,11,21.818181818181817,218.18181818181816,0.254,27.94,6.096,-4.199999999999999
9905,2021-11-11,0.2,12.0,27.68,33.62,20.84,2.4,Brackett,2021,11,20.0,200.0,0.508,30.48,6.096,-2.4000000000000004
8078,2021-11-11,0.0,3.0,30.02,36.68,24.98,1.2,Sacajawea,2021,11,40.0,400.0,0.0,7.62,3.048,-1.1000000000000003
9906,2021-11-12,0.1,12.0,39.02,43.88,32.72,2.6,Brackett,2021,11,21.666666666666668,216.66666666666669,0.254,30.48,6.604,3.9000000000000017
8079,2021-11-12,0.1,3.0,42.8,48.2,35.42,1.2,Sacajawea,2021,11,40.0,400.0,0.254,7.62,3.048,5.999999999999998
8080,2021-11-13,0.0,3.0,41.0,46.76,37.04,1.1,Sacajawea,2021,11,36.66666666666667,366.66666666666674,0.0,7.62,2.7940000000000005,5.0
9907,2021-11-13,0.0,11.0,37.58,42.62,32.72,2.6,Brackett,2021,11,23.636363636363637,236.36363636363637,0.0,27.94,6.604,3.099999999999999
9908,2021-11-14,0.0,8.0,44.24,48.38,34.88,2.6,Brackett,2021,11,32.5,325.0,0.0,20.32,6.604,6.800000000000001
8081,2021-11-14,0.0,2.0,48.92,52.7,40.46,0.8,Sacajawea,2021,11,40.0,400.0,0.0,5.08,2.032,9.4
8082,2021-11-15,0.0,1.0,51.26,55.04,46.76,0.2,Sacajawea,2021,11,20.0,200.0,0.0,2.54,0.508,10.699999999999998
9909,2021-11-15,0.0,8.0,46.22,49.82,42.26,2.4,Brackett,2021,11,30.0,300.0,0.0,20.32,6.096,7.8999999999999995
9910,2021-11-16,0.0,8.0,24.26,42.62,16.34,2.3,Brackett,2021,11,28.749999999999996,287.49999999999994,0.0,20.32,5.842,-4.299999999999999
8083,2021-11-16,0.0,1.0,28.22,46.76,20.3,0.2,Sacajawea,2021,11,20.0,200.0,0.0,2.54,0.508,-2.1000000000000005
8084,2021-11-17,0.0,1.0,20.48,25.52,14.36,0.1,Sacajawea,2021,11,10.0,100.0,0.0,2.54,0.254,-6.3999999999999995
9911,2021-11-17,0.1,5.0,17.96,22.64,13.64,2.1,Brackett,2021,11,42.00000000000001,420.00000000000006,0.254,12.7,5.3340000000000005,-7.799999999999999
8085,2021-11-18,0.2,1.0,31.64,40.1,15.08,0.1,Sacajawea,2021,11,10.0,100.0,0.508,2.54,0.254,-0.19999999999999968
9912,2021-11-18,0.2,7.0,32.72,41.72,20.3,2.0,Brackett,2021,11,28.57142857142857,285.71428571428567,0.508,17.78,5.08,0.39999999999999936
8086,2021-11-19,0.4,2.0,37.58,41.18,32.9,0.3,Sacajawea,2021,11,15.0,150.0,1.016,5.08,0.762,3.099999999999999
9913,2021-11-19,0.7,8.0,34.16,38.66,30.38,2.2,Brackett,2021,11,27.500000000000004,275.00000000000006,1.7779999999999998,20.32,5.588000000000001,1.1999999999999982
9914,2021-11-20,0.1,12.0,27.68,31.64,25.52,2.9,Brackett,2021,11,24.166666666666668,241.66666666666669,0.254,30.48,7.366,-2.4000000000000004
8087,2021-11-20,0.0,1.0,30.74,33.8,28.58,0.7,Sacajawea,2021,11,,,0.0,2.54,1.7779999999999998,-0.7000000000000008
9915,2021-11-21,0.0,11.0,32.18,38.3,25.16,2.8,Brackett,2021,11,25.454545454545453,254.54545454545453,0.0,27.94,7.111999999999999,0.09999999999999984
8088,2021-11-21,0.1,1.0,35.78,41.36,28.76,0.7,Sacajawea,2021,11,,,0.254,2.54,1.7779999999999998,2.1000000000000005
9916,2021-11-22,0.0,10.0,42.98,50.72,37.76,2.8,Brackett,2021,11,27.999999999999996,279.99999999999994,0.0,25.4,7.111999999999999,6.099999999999998
8089,2021-11-22,0.0,1.0,45.5,53.06,33.08,0.7,Sacajawea,2021,11,,,0.0,2.54,1.7779999999999998,7.5
9917,2021-11-23,0.2,10.0,31.82,42.98,24.08,2.8,Brackett,2021,11,27.999999999999996,279.99999999999994,0.508,25.4,7.111999999999999,-0.09999999999999984
8090,2021-11-23,0.1,1.0,32.9,42.98,26.96,0.7,Sacajawea,2021,11,,,0.254,2.54,1.7779999999999998,0.4999999999999992
9918,2021-11-24,0.1,12.0,24.08,28.58,21.74,3.0,Brackett,2021,11,25.0,250.0,0.254,30.48,7.62,-4.400000000000001
8091,2021-11-24,0.1,2.0,27.86,31.1,25.34,0.8,Sacajawea,2021,11,40.0,400.0,0.254,5.08,2.032,-2.3000000000000003
9919,2021-11-25,0.1,12.0,36.5,40.82,27.5,3.0,Brackett,2021,11,25.0,250.0,0.254,30.48,7.62,2.5
8092,2021-11-25,0.0,2.0,40.1,44.6,30.56,0.9,Sacajawea,2021,11,45.0,450.0,0.0,5.08,2.286,4.500000000000001
8093,2021-11-26,0.1,1.0,41.72,45.32,37.22,0.9,Sacajawea,2021,11,,,0.254,2.54,2.286,5.3999999999999995
9920,2021-11-26,0.0,11.0,37.58,41.9,33.62,3.1,Brackett,2021,11,28.18181818181818,281.8181818181818,0.0,27.94,7.8740000000000006,3.099999999999999
9921,2021-11-27,0.2,11.0,34.7,40.64,29.84,3.0,Brackett,2021,11,27.27272727272727,272.7272727272727,0.508,27.94,7.62,1.5000000000000016
8094,2021-11-27,0.0,1.0,38.66,44.42,32.72,0.9,Sacajawea,2021,11,,,0.0,2.54,2.286,3.699999999999998
9922,2021-11-28,0.0,12.0,43.88,48.92,39.02,3.2,Brackett,2021,11,26.666666666666668,266.6666666666667,0.0,30.48,8.128,6.600000000000001
8095,2021-11-28,0.0,1.0,48.2,52.34,43.88,0.9,Sacajawea,2021,11,,,0.0,2.54,2.286,9.000000000000002
8096,2021-11-29,0.1,1.0,40.82,46.94,33.08,0.5,Sacajawea,2021,11,50.0,500.0,0.254,2.54,1.27,4.9
9923,2021-11-29,0.1,11.0,37.22,43.16,29.48,3.1,Brackett,2021,11,28.18181818181818,281.8181818181818,0.254,27.94,7.8740000000000006,2.8999999999999995
8097,2021-11-30,0.0,1.0,40.28,45.14,33.44,0.5,Sacajawea,2021,11,50.0,500.0,0.0,2.54,1.27,4.6000000000000005
9924,2021-11-30,0.0,12.0,36.68,41.36,30.2,3.2,Brackett,2021,11,26.666666666666668,266.6666666666667,0.0,30.48,8.128,2.5999999999999996
8098,2021-12-01,0.0,1.0,50.0,53.78,44.96,0.4,Sacajawea,2021,12,40.0,400.0,0.0,2.54,1.016,10.0
9925,2021-12-01,0.0,12.0,45.5,49.64,40.64,3.2,Brackett,2021,12,26.666666666666668,266.6666666666667,0.0,30.48,8.128,7.5
8099,2021-12-02,0.0,1.0,48.74,51.62,41.36,0.3,Sacajawea,2021,12,30.0,300.0,0.0,2.54,0.762,9.300000000000002
9926,2021-12-02,0.0,9.0,44.42,47.12,38.66,2.9,Brackett,2021,12,32.22222222222222,322.22222222222223,0.0,22.86,7.366,6.900000000000001
8100,2021-12-03,0.0,1.0,39.2,44.6,29.3,0.2,Sacajawea,2021,12,20.0,200.0,0.0,2.54,0.508,4.000000000000002
9927,2021-12-03,0.0,7.0,36.68,43.7,29.66,2.6,Brackett,2021,12,37.142857142857146,371.42857142857144,0.0,17.78,6.604,2.5999999999999996
8101,2021-12-04,0.0,1.0,41.36,47.12,28.4,0.2,Sacajawea,2021,12,20.0,200.0,0.0,2.54,0.508,5.199999999999999
9928,2021-12-04,0.0,7.0,38.3,42.8,31.1,2.5,Brackett,2021,12,35.714285714285715,357.14285714285717,0.0,17.78,6.35,3.4999999999999982
8102,2021-12-05,0.1,1.0,23.18,37.22,14.36,0.1,Sacajawea,2021,12,10.0,100.0,0.254,2.54,0.254,-4.9
9929,2021-12-05,0.1,7.0,19.76,33.26,11.84,2.5,Brackett,2021,12,35.714285714285715,357.14285714285717,0.254,17.78,6.35,-6.799999999999999
8103,2021-12-06,0.4,1.0,28.58,33.44,19.04,0.2,Sacajawea,2021,12,20.0,200.0,1.016,2.54,0.508,-1.900000000000001
9930,2021-12-06,0.4,7.0,25.34,29.84,15.26,2.5,Brackett,2021,12,35.714285714285715,357.14285714285717,1.016,17.78,6.35,-3.6999999999999997
8104,2021-12-07,0.1,1.0,33.62,36.5,29.48,0.6,Sacajawea,2021,12,,,0.254,2.54,1.524,0.8999999999999986
9931,2021-12-07,0.2,10.0,29.84,32.36,26.78,2.9,Brackett,2021,12,28.999999999999996,289.99999999999994,0.508,25.4,7.366,-1.2000000000000002
8105,2021-12-08,0.1,2.0,34.52,38.84,25.7,0.7,Sacajawea,2021,12,35.0,350.0,0.254,5.08,1.7779999999999998,1.4000000000000017
9932,2021-12-08,0.2,10.0,30.74,36.32,21.56,3.1,Brackett,2021,12,31.0,310.0,0.508,25.4,7.8740000000000006,-0.7000000000000008
8106,2021-12-09,0.0,1.0,20.84,26.24,12.2,0.8,Sacajawea,2021,12,,,0.0,2.54,2.032,-6.199999999999999
9933,2021-12-09,0.0,11.0,17.96,24.08,11.84,3.2,Brackett,2021,12,29.090909090909093,290.90909090909093,0.0,27.94,8.128,-7.799999999999999
8107,2021-12-10,0.2,2.0,18.68,22.1,8.06,0.8,Sacajawea,2021,12,40.0,400.0,0.508,5.08,2.032,-7.3999999999999995
9934,2021-12-10,0.2,10.0,14.9,17.6,10.58,3.2,Brackett,2021,12,32.0,320.0,0.508,25.4,8.128,-9.5
8108,2021-12-11,0.1,2.0,28.22,32.0,22.1,1.0,Sacajawea,2021,12,50.0,500.0,0.254,5.08,2.54,-2.1000000000000005
9935,2021-12-11,0.1,12.0,24.08,27.68,17.24,3.3,Brackett,2021,12,27.499999999999996,274.99999999999994,0.254,30.48,8.382,-4.400000000000001
8109,2021-12-12,0.0,2.0,33.08,37.58,30.02,1.0,Sacajawea,2021,12,50.0,500.0,0.0,5.08,2.54,0.5999999999999991
9936,2021-12-12,0.0,12.0,29.12,32.72,26.24,3.4,Brackett,2021,12,28.333333333333332,283.3333333333333,0.0,30.48,8.636,-1.5999999999999994
8110,2021-12-13,0.0,2.0,34.16,40.64,29.48,1.0,Sacajawea,2021,12,50.0,500.0,0.0,5.08,2.54,1.1999999999999982
9937,2021-12-13,0.0,11.0,32.36,36.14,28.4,3.4,Brackett,2021,12,30.909090909090907,309.09090909090907,0.0,27.94,8.636,0.19999999999999968
9938,2021-12-14,0.5,12.0,32.18,37.76,23.0,3.4,Brackett,2021,12,28.333333333333332,283.3333333333333,1.27,30.48,8.636,0.09999999999999984
8111,2021-12-14,0.4,1.0,35.24,40.64,25.52,1.0,Sacajawea,2021,12,,,1.016,2.54,2.54,1.8000000000000012
8112,2021-12-15,0.0,5.0,17.96,25.7,15.08,1.4,Sacajawea,2021,12,27.999999999999996,279.99999999999994,0.0,12.7,3.5559999999999996,-7.799999999999999
9939,2021-12-15,0.1,16.0,14.36,23.0,11.12,3.9,Brackett,2021,12,24.375,243.75,0.254,40.64,9.906,-9.8
8113,2021-12-16,0.2,7.0,21.74,24.8,16.52,1.4,Sacajawea,2021,12,20.0,200.0,0.508,17.78,3.5559999999999996,-5.700000000000001
9940,2021-12-16,0.2,18.0,17.96,24.62,12.2,4.0,Brackett,2021,12,22.22222222222222,222.22222222222223,0.508,45.72,10.16,-7.799999999999999
9941,2021-12-17,0.1,14.0,11.12,18.32,5.36,4.1,Brackett,2021,12,29.28571428571428,292.85714285714283,0.254,35.56,10.414,-11.600000000000001
8114,2021-12-17,0.0,6.0,14.36,22.46,4.28,1.6,Sacajawea,2021,12,26.666666666666668,266.6666666666667,0.0,15.24,4.064,-9.8
8115,2021-12-18,0.4,7.0,29.84,37.4,12.38,1.6,Sacajawea,2021,12,22.857142857142858,228.57142857142858,1.016,17.78,4.064,-1.2000000000000002
9942,2021-12-18,0.1,18.0,26.78,32.9,15.44,4.2,Brackett,2021,12,23.333333333333332,233.33333333333331,0.254,45.72,10.668000000000001,-2.8999999999999995
8116,2021-12-19,0.3,6.0,32.0,37.22,13.28,1.8,Sacajawea,2021,12,30.0,300.0,0.762,15.24,4.572,0.0
9943,2021-12-19,0.4,17.0,28.4,32.36,12.38,4.3,Brackett,2021,12,25.294117647058822,252.94117647058823,1.016,43.18,10.921999999999999,-2.000000000000001
8117,2021-12-20,0.4,10.0,25.7,34.52,12.38,2.1,Sacajawea,2021,12,21.000000000000004,210.00000000000003,1.016,25.4,5.3340000000000005,-3.5000000000000004
9944,2021-12-20,0.4,20.0,25.16,30.56,11.3,4.7,Brackett,2021,12,23.5,235.0,1.016,50.8,11.938,-3.8000000000000003
8118,2021-12-21,0.0,10.0,36.5,39.56,32.36,2.2,Sacajawea,2021,12,22.000000000000004,220.00000000000003,0.0,25.4,5.588000000000001,2.5
9945,2021-12-21,0.0,22.0,32.18,35.06,28.4,5.1,Brackett,2021,12,23.18181818181818,231.8181818181818,0.0,55.88,12.953999999999999,0.09999999999999984
8119,2021-12-22,0.0,9.0,35.6,39.92,33.08,2.2,Sacajawea,2021,12,24.444444444444446,244.44444444444446,0.0,22.86,5.588000000000001,2.000000000000001
9946,2021-12-22,0.0,21.0,31.64,35.6,29.12,5.0,Brackett,2021,12,23.809523809523807,238.09523809523807,0.0,53.34,12.7,-0.19999999999999968
9947,2021-12-23,0.3,20.0,29.84,32.54,20.84,5.0,Brackett,2021,12,25.0,250.0,0.762,50.8,12.7,-1.2000000000000002
8120,2021-12-23,0.2,8.0,33.8,36.5,23.72,2.2,Sacajawea,2021,12,27.500000000000004,275.00000000000006,0.508,20.32,5.588000000000001,0.9999999999999984
8121,2021-12-24,0.0,9.0,21.02,29.3,14.72,2.3,Sacajawea,2021,12,25.555555555555554,255.55555555555554,0.0,22.86,5.842,-6.1000000000000005
9948,2021-12-24,0.1,20.0,19.22,25.7,14.54,5.3,Brackett,2021,12,26.5,265.0,0.254,50.8,13.462,-7.1000000000000005
9949,2021-12-25,0.1,21.0,19.76,22.82,16.52,5.3,Brackett,2021,12,25.238095238095237,252.38095238095238,0.254,53.34,13.462,-6.799999999999999
8122,2021-12-25,0.0,9.0,21.74,26.42,13.64,2.3,Sacajawea,2021,12,25.555555555555554,255.55555555555554,0.0,22.86,5.842,-5.700000000000001
8123,2021-12-26,0.3,9.0,13.1,21.92,3.2,2.3,Sacajawea,2021,12,25.555555555555554,255.55555555555554,0.762,22.86,5.842,-10.5
9950,2021-12-26,0.2,21.0,15.26,22.82,4.1,5.4,Brackett,2021,12,25.71428571428572,257.14285714285717,0.508,53.34,13.716000000000001,-9.300000000000002
8124,2021-12-27,0.1,13.0,10.76,16.34,1.4,2.6,Sacajawea,2021,12,20.0,200.0,0.254,33.02,6.604,-11.800000000000002
9951,2021-12-27,0.1,25.0,9.14,14.36,3.74,5.6,Brackett,2021,12,22.4,224.0,0.254,63.5,14.223999999999998,-12.7
9952,2021-12-28,0.3,24.0,4.64,6.62,0.32,5.7,Brackett,2021,12,23.75,237.5,0.762,60.96,14.478000000000002,-15.200000000000001
8125,2021-12-28,0.2,10.0,8.42,10.4,4.64,2.7,Sacajawea,2021,12,27.0,270.0,0.508,25.4,6.8580000000000005,-13.1
9953,2021-12-29,0.2,24.0,6.08,10.04,-3.28,6.0,Brackett,2021,12,25.0,250.0,0.508,60.96,15.24,-14.400000000000002
8126,2021-12-29,0.2,12.0,8.06,12.92,-2.56,2.8,Sacajawea,2021,12,23.333333333333332,233.33333333333331,0.508,30.48,7.111999999999999,-13.299999999999999
8127,2021-12-30,0.2,12.0,15.62,18.5,6.08,2.8,Sacajawea,2021,12,23.333333333333332,233.33333333333331,0.508,30.48,7.111999999999999,-9.100000000000001
9954,2021-12-30,0.2,26.0,11.84,14.36,3.56,6.2,Brackett,2021,12,23.846153846153847,238.46153846153845,0.508,66.04,15.748000000000001,-11.2
8128,2021-12-31,0.1,13.0,-4.18,6.08,-16.78,3.0,Sacajawea,2021,12,23.076923076923077,230.76923076923077,0.254,33.02,7.62,-20.1
9955,2021-12-31,0.2,27.0,-3.28,3.56,-13.18,6.4,Brackett,2021,12,23.703703703703706,237.03703703703707,0.508,68.58,16.256,-19.6
8129,2022-01-01,0.0,14.0,11.12,22.64,-3.28,3.1,Sacajawea,2022,1,22.142857142857146,221.42857142857144,0.0,35.56,7.8740000000000006,-11.600000000000001
9956,2022-01-01,0.2,27.0,8.06,19.76,-3.1,6.6,Brackett,2022,1,24.444444444444443,244.44444444444443,0.508,68.58,16.764,-13.299999999999999
8130,2022-01-02,0.2,13.0,28.76,34.7,22.64,2.9,Sacajawea,2022,1,22.307692307692307,223.07692307692307,0.508,33.02,7.366,-1.7999999999999992
9957,2022-01-02,0.0,28.0,25.52,32.0,19.22,6.8,Brackett,2022,1,24.285714285714285,242.85714285714283,0.0,71.12,17.272,-3.6000000000000005
9958,2022-01-03,0.0,27.0,27.5,30.92,23.54,6.8,Brackett,2022,1,25.185185185185183,251.85185185185185,0.0,68.58,17.272,-2.5
8131,2022-01-03,0.1,12.0,31.82,35.42,26.6,3.1,Sacajawea,2022,1,25.833333333333336,258.33333333333337,0.254,30.48,7.8740000000000006,-0.09999999999999984
8132,2022-01-04,0.3,11.0,21.02,28.94,16.52,3.1,Sacajawea,2022,1,28.18181818181818,281.8181818181818,0.762,27.94,7.8740000000000006,-6.1000000000000005
9959,2022-01-04,0.4,26.0,17.24,26.6,12.2,6.8,Brackett,2022,1,26.153846153846157,261.53846153846155,1.016,66.04,17.272,-8.200000000000001
9960,2022-01-05,0.2,28.0,6.44,16.88,-2.02,7.2,Brackett,2022,1,25.71428571428572,257.14285714285717,0.508,71.12,18.288,-14.2
8133,2022-01-05,0.1,14.0,-1.84,19.94,-9.94,3.4,Sacajawea,2022,1,24.285714285714285,242.85714285714283,0.254,35.56,8.636,-18.8
8134,2022-01-06,0.9,16.0,24.08,36.68,-0.76,3.5,Sacajawea,2022,1,21.875,218.75,2.286,40.64,8.89,-4.400000000000001
9961,2022-01-06,0.9,31.0,23.72,33.08,10.04,7.4,Brackett,2022,1,23.870967741935484,238.70967741935485,2.286,78.74,18.796000000000003,-4.6000000000000005
9962,2022-01-07,0.1,35.0,30.92,33.08,26.78,8.3,Brackett,2022,1,23.714285714285715,237.14285714285717,0.254,88.9,21.082,-0.5999999999999991
8135,2022-01-07,0.0,19.0,35.06,37.76,30.74,4.2,Sacajawea,2022,1,22.10526315789474,221.0526315789474,0.0,48.26,10.668000000000001,1.7000000000000013
8136,2022-01-08,0.0,18.0,23.72,30.74,20.66,4.2,Sacajawea,2022,1,23.333333333333332,233.33333333333331,0.0,45.72,10.668000000000001,-4.6000000000000005
9963,2022-01-08,0.0,33.0,19.76,26.78,16.52,8.4,Brackett,2022,1,25.454545454545457,254.54545454545456,0.0,83.82000000000001,21.336000000000002,-6.799999999999999
9964,2022-01-09,0.0,32.0,27.32,37.4,17.6,8.2,Brackett,2022,1,25.624999999999996,256.24999999999994,0.0,81.28,20.828,-2.5999999999999996
8137,2022-01-09,0.0,17.0,28.58,37.04,21.56,4.1,Sacajawea,2022,1,24.117647058823525,241.17647058823525,0.0,43.18,10.414,-1.900000000000001
8138,2022-01-10,0.0,17.0,34.7,48.2,19.76,4.1,Sacajawea,2022,1,24.117647058823525,241.17647058823525,0.0,43.18,10.414,1.5000000000000016
9965,2022-01-10,0.0,32.0,36.5,45.86,28.94,8.2,Brackett,2022,1,25.624999999999996,256.24999999999994,0.0,81.28,20.828,2.5
8139,2022-01-11,0.1,16.0,35.96,39.56,30.56,4.0,Sacajawea,2022,1,25.0,250.0,0.254,40.64,10.16,2.2000000000000006
9966,2022-01-11,0.0,31.0,32.72,36.5,28.94,8.2,Brackett,2022,1,26.4516129032258,264.516129032258,0.0,78.74,20.828,0.39999999999999936
9967,2022-01-12,0.0,29.0,37.58,40.28,33.8,8.2,Brackett,2022,1,28.275862068965512,282.7586206896551,0.0,73.66,20.828,3.099999999999999
8140,2022-01-12,0.0,16.0,41.36,43.88,37.76,4.1,Sacajawea,2022,1,25.624999999999996,256.24999999999994,0.0,40.64,10.414,5.199999999999999
8141,2022-01-13,0.0,15.0,41.72,49.64,30.56,4.1,Sacajawea,2022,1,27.333333333333332,273.3333333333333,0.0,38.1,10.414,5.3999999999999995
9968,2022-01-13,0.0,30.0,39.92,48.02,30.92,8.2,Brackett,2022,1,27.333333333333332,273.3333333333333,0.0,76.2,20.828,4.400000000000001
8142,2022-01-14,0.0,14.0,31.28,36.86,24.98,4.0,Sacajawea,2022,1,28.57142857142857,285.71428571428567,0.0,35.56,10.16,-0.39999999999999936
9969,2022-01-14,0.0,30.0,28.94,35.78,24.8,8.1,Brackett,2022,1,26.999999999999996,269.99999999999994,0.0,76.2,20.573999999999998,-1.6999999999999993
8143,2022-01-15,0.0,14.0,39.56,43.88,35.96,4.0,Sacajawea,2022,1,28.57142857142857,285.71428571428567,0.0,35.56,10.16,4.200000000000001
9970,2022-01-15,0.1,29.0,36.68,41.36,28.76,8.1,Brackett,2022,1,27.93103448275862,279.31034482758616,0.254,73.66,20.573999999999998,2.5999999999999996
9971,2022-01-16,0.0,29.0,35.96,41.0,32.54,8.2,Brackett,2022,1,28.275862068965512,282.7586206896551,0.0,73.66,20.828,2.2000000000000006
8144,2022-01-16,0.0,14.0,38.48,42.44,34.34,4.0,Sacajawea,2022,1,28.57142857142857,285.71428571428567,0.0,35.56,10.16,3.5999999999999983
9972,2022-01-17,0.0,29.0,38.3,41.18,35.6,8.2,Brackett,2022,1,28.275862068965512,282.7586206896551,0.0,73.66,20.828,3.4999999999999982
8145,2022-01-17,0.0,14.0,41.0,43.88,38.3,4.0,Sacajawea,2022,1,28.57142857142857,285.71428571428567,0.0,35.56,10.16,5.0
8146,2022-01-18,0.2,14.0,28.22,39.92,8.96,4.0,Sacajawea,2022,1,28.57142857142857,285.71428571428567,0.508,35.56,10.16,-2.1000000000000005
9973,2022-01-18,0.2,28.0,26.78,36.68,6.8,8.2,Brackett,2022,1,29.28571428571428,292.85714285714283,0.508,71.12,20.828,-2.8999999999999995
8147,2022-01-19,0.0,16.0,19.76,30.02,8.42,4.2,Sacajawea,2022,1,26.25,262.5,0.0,40.64,10.668000000000001,-6.799999999999999
9974,2022-01-19,0.1,29.0,19.94,25.52,6.8,8.2,Brackett,2022,1,28.275862068965512,282.7586206896551,0.254,73.66,20.828,-6.699999999999999
8148,2022-01-20,0.8,16.0,31.64,36.68,26.78,4.2,Sacajawea,2022,1,26.25,262.5,2.032,40.64,10.668000000000001,-0.19999999999999968
9975,2022-01-20,1.2,30.0,28.94,33.98,23.54,8.3,Brackett,2022,1,27.666666666666668,276.6666666666667,3.048,76.2,21.082,-1.6999999999999993
8149,2022-01-21,0.2,20.0,28.94,33.98,24.98,4.9,Sacajawea,2022,1,24.500000000000004,245.00000000000003,0.508,50.8,12.446000000000002,-1.6999999999999993
9976,2022-01-21,0.2,33.0,25.52,33.08,21.02,9.5,Brackett,2022,1,28.78787878787879,287.8787878787879,0.508,83.82000000000001,24.13,-3.6000000000000005
8150,2022-01-22,0.0,20.0,30.2,34.88,24.8,5.1,Sacajawea,2022,1,25.5,255.0,0.0,50.8,12.953999999999999,-1.0000000000000004
9977,2022-01-22,0.0,35.0,27.14,32.72,21.2,9.6,Brackett,2022,1,27.42857142857143,274.28571428571433,0.0,88.9,24.384,-2.6999999999999997
9978,2022-01-23,0.0,34.0,33.8,38.12,27.32,9.6,Brackett,2022,1,28.235294117647058,282.3529411764706,0.0,86.36,24.384,0.9999999999999984
8151,2022-01-23,0.0,20.0,36.14,40.1,31.82,5.1,Sacajawea,2022,1,25.5,255.0,0.0,50.8,12.953999999999999,2.3000000000000003
9979,2022-01-24,0.1,34.0,25.7,30.92,18.68,9.6,Brackett,2022,1,28.235294117647058,282.3529411764706,0.254,86.36,24.384,-3.5000000000000004
8152,2022-01-24,0.1,19.0,27.5,33.44,19.76,5.1,Sacajawea,2022,1,26.842105263157894,268.42105263157896,0.254,48.26,12.953999999999999,-2.5
9980,2022-01-25,0.1,35.0,21.38,28.76,15.98,9.7,Brackett,2022,1,27.714285714285715,277.14285714285717,0.254,88.9,24.637999999999998,-5.900000000000001
8153,2022-01-25,0.1,20.0,23.9,30.02,15.62,5.2,Sacajawea,2022,1,26.0,260.0,0.254,50.8,13.208,-4.500000000000001
9981,2022-01-26,0.0,34.0,25.34,31.46,17.42,9.7,Brackett,2022,1,28.52941176470588,285.2941176470588,0.0,86.36,24.637999999999998,-3.6999999999999997
8154,2022-01-26,0.0,19.0,28.4,33.44,18.32,5.1,Sacajawea,2022,1,26.842105263157894,268.42105263157896,0.0,48.26,12.953999999999999,-2.000000000000001
9982,2022-01-27,0.0,32.0,22.28,28.76,14.54,9.6,Brackett,2022,1,30.0,300.0,0.0,81.28,24.384,-5.3999999999999995
8155,2022-01-27,0.0,18.0,24.98,30.92,18.14,5.0,Sacajawea,2022,1,27.77777777777778,277.77777777777777,0.0,45.72,12.7,-3.8999999999999995
8156,2022-01-28,0.1,18.0,37.76,43.52,30.56,5.0,Sacajawea,2022,1,27.77777777777778,277.77777777777777,0.254,45.72,12.7,3.199999999999999
9983,2022-01-28,0.0,32.0,34.52,41.36,24.62,9.6,Brackett,2022,1,30.0,300.0,0.0,81.28,24.384,1.4000000000000017
8157,2022-01-29,0.0,18.0,38.66,42.44,35.6,5.0,Sacajawea,2022,1,27.77777777777778,277.77777777777777,0.0,45.72,12.7,3.699999999999998
9984,2022-01-29,0.0,32.0,35.6,40.1,31.64,9.6,Brackett,2022,1,30.0,300.0,0.0,81.28,24.384,2.000000000000001
8158,2022-01-30,0.0,18.0,37.94,41.36,35.96,5.0,Sacajawea,2022,1,27.77777777777778,277.77777777777777,0.0,45.72,12.7,3.299999999999999
9985,2022-01-30,0.0,31.0,34.7,37.4,32.9,9.5,Brackett,2022,1,30.64516129032258,306.4516129032258,0.0,78.74,24.13,1.5000000000000016
8159,2022-01-31,0.0,17.0,25.7,39.56,17.78,5.0,Sacajawea,2022,1,29.411764705882355,294.11764705882354,0.0,43.18,12.7,-3.5000000000000004
9986,2022-01-31,0.2,31.0,21.56,35.24,14.0,9.4,Brackett,2022,1,30.32258064516129,303.22580645161287,0.508,78.74,23.876,-5.800000000000001
8160,2022-02-01,0.3,17.0,13.28,22.82,-4.0,5.0,Sacajawea,2022,2,29.411764705882355,294.11764705882354,0.762,43.18,12.7,-10.399999999999999
9987,2022-02-01,0.4,33.0,10.04,19.4,-7.42,9.5,Brackett,2022,2,28.78787878787879,287.8787878787879,1.016,83.82000000000001,24.13,-12.200000000000001
9988,2022-02-02,0.1,36.0,-3.1,8.24,-19.12,9.9,Brackett,2022,2,27.500000000000004,275.00000000000006,0.254,91.44,25.146,-19.5
8161,2022-02-02,0.2,22.0,-0.94,12.56,-18.4,5.3,Sacajawea,2022,2,24.09090909090909,240.9090909090909,0.508,55.88,13.462,-18.299999999999997
8162,2022-02-03,0.4,21.0,19.4,24.62,11.84,5.4,Sacajawea,2022,2,25.71428571428572,257.14285714285717,1.016,53.34,13.716000000000001,-7.000000000000001
9989,2022-02-03,0.2,35.0,15.8,21.2,8.24,10.0,Brackett,2022,2,28.57142857142857,285.71428571428567,0.508,88.9,25.4,-9.0
8163,2022-02-04,0.0,21.0,30.56,36.86,23.9,5.4,Sacajawea,2022,2,25.71428571428572,257.14285714285717,0.0,53.34,13.716000000000001,-0.8000000000000007
9990,2022-02-04,0.0,35.0,27.68,33.8,19.58,10.0,Brackett,2022,2,28.57142857142857,285.71428571428567,0.0,88.9,25.4,-2.4000000000000004
9991,2022-02-05,0.2,34.0,25.16,28.04,22.64,10.0,Brackett,2022,2,29.411764705882355,294.11764705882354,0.508,86.36,25.4,-3.8000000000000003
8164,2022-02-05,0.2,20.0,29.12,31.28,26.78,5.4,Sacajawea,2022,2,27.0,270.0,0.508,50.8,13.716000000000001,-1.5999999999999994
8165,2022-02-06,0.1,21.0,31.28,35.78,25.34,5.6,Sacajawea,2022,2,26.666666666666668,266.6666666666667,0.254,53.34,14.223999999999998,-0.39999999999999936
9992,2022-02-06,0.1,34.0,28.22,32.54,20.3,10.1,Brackett,2022,2,29.705882352941178,297.05882352941177,0.254,86.36,25.654,-2.1000000000000005
9993,2022-02-07,0.0,35.0,36.14,46.04,29.48,10.2,Brackett,2022,2,29.142857142857142,291.42857142857144,0.0,88.9,25.907999999999998,2.3000000000000003
8166,2022-02-07,0.0,20.0,39.74,47.12,32.9,5.5,Sacajawea,2022,2,27.500000000000004,275.00000000000006,0.0,50.8,13.97,4.300000000000001
8167,2022-02-08,0.0,20.0,34.16,37.76,30.02,5.5,Sacajawea,2022,2,27.500000000000004,275.00000000000006,0.0,50.8,13.97,1.1999999999999982
9994,2022-02-08,0.0,34.0,30.92,34.88,26.6,10.1,Brackett,2022,2,29.705882352941178,297.05882352941177,0.0,86.36,25.654,-0.5999999999999991
9995,2022-02-09,0.0,33.0,32.0,37.58,29.48,10.0,Brackett,2022,2,30.303030303030305,303.03030303030306,0.0,83.82000000000001,25.4,0.0
8168,2022-02-09,0.0,19.0,35.42,40.1,33.08,5.5,Sacajawea,2022,2,28.947368421052634,289.47368421052636,0.0,48.26,13.97,1.900000000000001
9996,2022-02-10,0.1,33.0,37.04,41.36,29.84,10.0,Brackett,2022,2,30.303030303030305,303.03030303030306,0.254,83.82000000000001,25.4,2.7999999999999994
8169,2022-02-10,0.0,19.0,40.64,44.96,35.06,5.5,Sacajawea,2022,2,28.947368421052634,289.47368421052636,0.0,48.26,13.97,4.800000000000001
8170,2022-02-11,0.0,19.0,22.1,35.24,10.04,5.4,Sacajawea,2022,2,28.421052631578945,284.2105263157895,0.0,48.26,13.716000000000001,-5.499999999999999
9997,2022-02-11,0.0,33.0,21.02,30.92,11.84,10.1,Brackett,2022,2,30.606060606060602,306.060606060606,0.0,83.82000000000001,25.654,-6.1000000000000005
9998,2022-02-12,0.1,34.0,33.08,40.1,22.46,10.1,Brackett,2022,2,29.705882352941178,297.05882352941177,0.254,86.36,25.654,0.5999999999999991
8171,2022-02-12,0.1,19.0,34.7,40.46,20.84,5.4,Sacajawea,2022,2,28.421052631578945,284.2105263157895,0.254,48.26,13.716000000000001,1.5000000000000016
9999,2022-02-13,0.0,33.0,37.4,45.86,33.26,10.2,Brackett,2022,2,30.909090909090907,309.09090909090907,0.0,83.82000000000001,25.907999999999998,2.999999999999999
8172,2022-02-13,0.0,19.0,39.92,47.48,31.28,5.5,Sacajawea,2022,2,28.947368421052634,289.47368421052636,0.0,48.26,13.97,4.400000000000001
10000,2022-02-14,0.0,33.0,37.58,46.22,31.82,10.1,Brackett,2022,2,30.606060606060602,306.060606060606,0.0,83.82000000000001,25.654,3.099999999999999
8173,2022-02-14,0.0,19.0,40.64,49.64,31.28,5.5,Sacajawea,2022,2,28.947368421052634,289.47368421052636,0.0,48.26,13.97,4.800000000000001
8174,2022-02-15,0.2,19.0,28.76,36.68,21.56,5.5,Sacajawea,2022,2,28.947368421052634,289.47368421052636,0.508,48.26,13.97,-1.7999999999999992
10001,2022-02-15,0.3,32.0,26.42,32.72,20.12,10.1,Brackett,2022,2,31.5625,315.625,0.762,81.28,25.654,-3.099999999999999
8175,2022-02-16,0.3,22.0,19.94,26.78,7.88,5.7,Sacajawea,2022,2,25.90909090909091,259.0909090909091,0.762,55.88,14.478000000000002,-6.699999999999999
10002,2022-02-16,0.2,34.0,18.32,25.52,10.76,10.4,Brackett,2022,2,30.58823529411765,305.88235294117646,0.508,86.36,26.416,-7.6000000000000005
10003,2022-02-17,0.2,36.0,22.64,27.32,15.44,10.6,Brackett,2022,2,29.444444444444446,294.44444444444446,0.508,91.44,26.924,-5.199999999999999
8176,2022-02-17,0.2,24.0,26.42,31.64,18.86,6.0,Sacajawea,2022,2,25.0,250.0,0.508,60.96,15.24,-3.099999999999999
8177,2022-02-18,0.1,24.0,34.16,36.86,30.38,6.0,Sacajawea,2022,2,25.0,250.0,0.254,60.96,15.24,1.1999999999999982
10004,2022-02-18,0.1,38.0,30.56,34.16,26.6,10.7,Brackett,2022,2,28.157894736842103,281.57894736842104,0.254,96.52,27.177999999999997,-0.8000000000000007
8178,2022-02-19,0.0,24.0,37.22,44.78,32.72,6.0,Sacajawea,2022,2,25.0,250.0,0.0,60.96,15.24,2.8999999999999995
10005,2022-02-19,0.0,37.0,33.44,42.8,28.22,10.8,Brackett,2022,2,29.18918918918919,291.8918918918919,0.0,93.98,27.432000000000002,0.7999999999999987
10006,2022-02-20,0.6,36.0,23.54,31.28,3.92,10.8,Brackett,2022,2,30.000000000000004,300.00000000000006,1.524,91.44,27.432000000000002,-4.7
8179,2022-02-20,0.6,22.0,26.06,35.06,6.08,6.0,Sacajawea,2022,2,27.27272727272727,272.7272727272727,1.524,55.88,15.24,-3.3000000000000007
10007,2022-02-21,0.0,45.0,-6.7,4.46,-19.84,11.4,Brackett,2022,2,25.333333333333336,253.33333333333337,0.0,114.3,28.956000000000003,-21.5
8180,2022-02-21,0.0,31.0,-3.82,6.26,-14.8,6.6,Sacajawea,2022,2,21.29032258064516,212.9032258064516,0.0,78.74,16.764,-19.9
10008,2022-02-22,0.0,43.0,-17.32,-4.72,-23.26,11.3,Brackett,2022,2,26.27906976744186,262.7906976744186,0.0,109.22,28.702,-27.4
8181,2022-02-22,0.0,29.0,-14.62,-3.28,-23.26,6.6,Sacajawea,2022,2,22.75862068965517,227.58620689655172,0.0,73.66,16.764,-25.9
10009,2022-02-23,0.2,42.0,-0.94,16.34,-21.46,11.3,Brackett,2022,2,26.90476190476191,269.0476190476191,0.508,106.68,28.702,-18.299999999999997
8182,2022-02-23,0.1,28.0,-8.68,10.58,-25.78,6.6,Sacajawea,2022,2,23.57142857142857,235.7142857142857,0.254,71.12,16.764,-22.6
10010,2022-02-24,0.1,42.0,5.72,15.08,-0.76,11.5,Brackett,2022,2,27.380952380952383,273.80952380952385,0.254,106.68,29.21,-14.600000000000001
8183,2022-02-24,0.2,28.0,6.26,17.24,-1.84,6.7,Sacajawea,2022,2,23.92857142857143,239.2857142857143,0.508,71.12,17.018,-14.300000000000002
8184,2022-02-25,0.4,26.0,12.92,19.04,-0.94,6.9,Sacajawea,2022,2,26.53846153846154,265.3846153846154,1.016,66.04,17.526,-10.6
10011,2022-02-25,0.1,41.0,10.04,17.6,-0.58,11.6,Brackett,2022,2,28.292682926829265,282.92682926829264,0.254,104.14,29.464,-12.200000000000001
8185,2022-02-26,0.1,28.0,26.42,34.16,16.7,6.9,Sacajawea,2022,2,24.642857142857146,246.42857142857144,0.254,71.12,17.526,-3.099999999999999
10012,2022-02-26,0.0,41.0,23.72,32.9,12.38,11.7,Brackett,2022,2,28.536585365853657,285.3658536585366,0.0,104.14,29.718,-4.6000000000000005
8186,2022-02-27,0.1,27.0,35.96,41.54,30.92,7.0,Sacajawea,2022,2,25.925925925925924,259.25925925925924,0.254,68.58,17.78,2.2000000000000006
10013,2022-02-27,0.0,40.0,32.54,39.02,28.4,11.7,Brackett,2022,2,29.25,292.5,0.0,101.6,29.718,0.29999999999999954
8187,2022-02-28,0.0,26.0,40.46,43.88,36.5,7.0,Sacajawea,2022,2,26.923076923076923,269.2307692307692,0.0,66.04,17.78,4.7
10014,2022-02-28,0.0,40.0,36.32,39.74,32.18,11.7,Brackett,2022,2,29.25,292.5,0.0,101.6,29.718,2.4000000000000004
8188,2022-03-01,0.0,26.0,43.34,45.5,40.46,6.9,Sacajawea,2022,3,26.53846153846154,265.3846153846154,0.0,66.04,17.526,6.300000000000002
10015,2022-03-01,0.1,40.0,39.38,41.18,36.86,11.7,Brackett,2022,3,29.25,292.5,0.254,101.6,29.718,4.100000000000001
10016,2022-03-02,0.1,39.0,40.1,44.78,35.96,11.7,Brackett,2022,3,30.0,300.0,0.254,99.06,29.718,4.500000000000001
8189,2022-03-02,0.0,23.0,42.44,48.2,35.96,6.7,Sacajawea,2022,3,29.130434782608695,291.30434782608694,0.0,58.42,17.018,5.799999999999999
8190,2022-03-03,0.0,22.0,46.4,58.28,36.86,6.6,Sacajawea,2022,3,30.0,300.0,0.0,55.88,16.764,8.0
10017,2022-03-03,0.2,39.0,44.06,55.94,35.78,11.8,Brackett,2022,3,30.25641025641026,302.5641025641026,0.508,99.06,29.972,6.700000000000001
10018,2022-03-04,0.0,37.0,27.86,37.76,17.42,12.0,Brackett,2022,3,32.432432432432435,324.3243243243244,0.0,93.98,30.48,-2.3000000000000003
8191,2022-03-04,0.0,21.0,30.2,41.72,20.66,6.6,Sacajawea,2022,3,31.428571428571427,314.2857142857143,0.0,53.34,16.764,-1.0000000000000004
10019,2022-03-05,0.0,36.0,16.52,25.88,10.76,12.0,Brackett,2022,3,33.33333333333333,333.33333333333326,0.0,91.44,30.48,-8.600000000000001
8192,2022-03-05,0.0,20.0,19.4,28.58,14.54,6.6,Sacajawea,2022,3,32.99999999999999,329.99999999999994,0.0,50.8,16.764,-7.000000000000001
10020,2022-03-06,0.0,36.0,13.46,25.52,6.98,12.0,Brackett,2022,3,33.33333333333333,333.33333333333326,0.0,91.44,30.48,-10.299999999999999
8193,2022-03-06,0.0,21.0,15.62,26.42,6.08,6.5,Sacajawea,2022,3,30.952380952380953,309.5238095238095,0.0,53.34,16.51,-9.100000000000001
10021,2022-03-07,0.4,38.0,18.14,27.68,7.52,12.0,Brackett,2022,3,31.57894736842105,315.7894736842105,1.016,96.52,30.48,-7.699999999999999
8194,2022-03-07,0.1,21.0,21.2,28.22,10.58,6.4,Sacajawea,2022,3,30.476190476190478,304.76190476190476,0.254,53.34,16.256,-6.0
8195,2022-03-08,0.2,24.0,10.94,19.4,-4.72,6.5,Sacajawea,2022,3,27.083333333333332,270.8333333333333,0.508,60.96,16.51,-11.700000000000001
10022,2022-03-08,0.2,42.0,7.88,19.22,-6.52,12.4,Brackett,2022,3,29.523809523809526,295.23809523809524,0.508,106.68,31.496000000000002,-13.4
10023,2022-03-09,0.2,43.0,-1.48,14.0,-11.02,12.6,Brackett,2022,3,29.30232558139535,293.0232558139535,0.508,109.22,32.004,-18.599999999999998
8196,2022-03-09,0.1,25.0,-1.84,14.0,-14.08,6.7,Sacajawea,2022,3,26.8,268.0,0.254,63.5,17.018,-18.8
8197,2022-03-10,0.1,25.0,10.22,18.5,1.4,6.8,Sacajawea,2022,3,27.200000000000003,272.0,0.254,63.5,17.272,-12.100000000000001
10024,2022-03-10,0.1,42.0,6.44,18.32,-3.64,12.8,Brackett,2022,3,30.476190476190478,304.76190476190476,0.254,106.68,32.512,-14.2
8198,2022-03-11,0.4,24.0,25.16,33.8,14.9,6.9,Sacajawea,2022,3,28.750000000000004,287.50000000000006,1.016,60.96,17.526,-3.8000000000000003
10025,2022-03-11,0.2,42.0,21.38,29.84,10.22,12.9,Brackett,2022,3,30.714285714285715,307.14285714285717,0.508,106.68,32.766,-5.900000000000001
8199,2022-03-12,0.0,23.0,39.56,46.22,33.62,6.9,Sacajawea,2022,3,30.0,300.0,0.0,58.42,17.526,4.200000000000001
10026,2022-03-12,0.0,41.0,36.14,45.32,29.3,12.9,Brackett,2022,3,31.463414634146343,314.6341463414634,0.0,104.14,32.766,2.3000000000000003
10027,2022-03-13,0.5,41.0,30.74,35.78,24.8,12.9,Brackett,2022,3,31.463414634146343,314.6341463414634,1.27,104.14,32.766,-0.7000000000000008
8200,2022-03-13,0.5,23.0,33.98,40.82,28.58,6.9,Sacajawea,2022,3,30.0,300.0,1.27,58.42,17.526,1.0999999999999983
10028,2022-03-14,0.2,45.0,31.64,39.38,24.08,13.4,Brackett,2022,3,29.777777777777782,297.7777777777778,0.508,114.3,34.036,-0.19999999999999968
8201,2022-03-14,0.0,26.0,35.42,43.7,28.58,7.4,Sacajawea,2022,3,28.46153846153846,284.6153846153846,0.0,66.04,18.796000000000003,1.900000000000001
8202,2022-03-15,0.5,25.0,37.22,44.24,30.92,7.2,Sacajawea,2022,3,28.800000000000004,288.00000000000006,1.27,63.5,18.288,2.8999999999999995
10029,2022-03-15,0.9,44.0,34.52,46.76,28.58,13.6,Brackett,2022,3,30.909090909090907,309.09090909090907,2.286,111.76,34.544,1.4000000000000017
8203,2022-03-16,0.0,27.0,29.66,39.92,20.66,7.5,Sacajawea,2022,3,27.77777777777778,277.77777777777777,0.0,68.58,19.05,-1.2999999999999998
10030,2022-03-16,0.2,47.0,27.14,38.3,21.02,14.5,Brackett,2022,3,30.851063829787233,308.51063829787233,0.508,119.38,36.83,-2.6999999999999997
10031,2022-03-17,0.0,46.0,30.02,41.36,21.02,14.6,Brackett,2022,3,31.73913043478261,317.3913043478261,0.0,116.84,37.083999999999996,-1.1000000000000003
8204,2022-03-17,0.0,28.0,33.08,42.08,24.8,7.5,Sacajawea,2022,3,26.785714285714285,267.85714285714283,0.0,71.12,19.05,0.5999999999999991
8205,2022-03-18,0.0,27.0,36.86,43.88,30.74,7.4,Sacajawea,2022,3,27.40740740740741,274.0740740740741,0.0,68.58,18.796000000000003,2.6999999999999997
10032,2022-03-18,0.0,47.0,32.72,40.64,27.86,14.6,Brackett,2022,3,31.06382978723404,310.63829787234044,0.0,119.38,37.083999999999996,0.39999999999999936
8206,2022-03-19,0.0,26.0,41.72,51.44,33.08,7.4,Sacajawea,2022,3,28.46153846153846,284.6153846153846,0.0,66.04,18.796000000000003,5.3999999999999995
10033,2022-03-19,0.0,46.0,37.94,48.92,29.48,14.4,Brackett,2022,3,31.30434782608696,313.0434782608696,0.0,116.84,36.576,3.299999999999999
8207,2022-03-20,0.3,25.0,28.76,38.12,20.12,7.4,Sacajawea,2022,3,29.600000000000005,296.00000000000006,0.762,63.5,18.796000000000003,-1.7999999999999992
10034,2022-03-20,0.4,45.0,25.7,33.98,16.16,14.4,Brackett,2022,3,32.0,320.0,1.016,114.3,36.576,-3.5000000000000004
10035,2022-03-21,0.0,48.0,25.34,34.88,16.52,14.8,Brackett,2022,3,30.833333333333336,308.33333333333337,0.0,121.92,37.592000000000006,-3.6999999999999997
8208,2022-03-21,0.1,28.0,28.4,35.78,20.48,7.7,Sacajawea,2022,3,27.500000000000004,275.00000000000006,0.254,71.12,19.558,-2.000000000000001
8209,2022-03-22,0.0,26.0,36.32,44.06,28.94,7.7,Sacajawea,2022,3,29.615384615384617,296.1538461538462,0.0,66.04,19.558,2.4000000000000004
10036,2022-03-22,0.1,47.0,33.44,44.6,24.8,14.8,Brackett,2022,3,31.48936170212766,314.8936170212766,0.254,119.38,37.592000000000006,0.7999999999999987
8210,2022-03-23,0.0,25.0,45.68,54.68,36.86,7.7,Sacajawea,2022,3,30.8,308.0,0.0,63.5,19.558,7.6000000000000005
10037,2022-03-23,0.0,46.0,43.34,56.3,32.54,14.9,Brackett,2022,3,32.391304347826086,323.9130434782609,0.0,116.84,37.846000000000004,6.300000000000002
10038,2022-03-24,0.0,44.0,39.56,50.0,25.16,14.8,Brackett,2022,3,33.63636363636363,336.3636363636363,0.0,111.76,37.592000000000006,4.200000000000001
8211,2022-03-24,0.0,24.0,42.44,51.98,28.4,7.5,Sacajawea,2022,3,31.25,312.5,0.0,60.96,19.05,5.799999999999999
10039,2022-03-25,0.0,42.0,37.76,50.36,21.38,14.7,Brackett,2022,3,35.0,350.0,0.0,106.68,37.338,3.199999999999999
8212,2022-03-25,0.0,22.0,36.68,52.16,21.92,7.2,Sacajawea,2022,3,32.72727272727273,327.27272727272725,0.0,55.88,18.288,2.5999999999999996
10040,2022-03-26,0.0,42.0,44.24,57.02,36.86,14.6,Brackett,2022,3,34.76190476190476,347.6190476190476,0.0,106.68,37.083999999999996,6.800000000000001
8213,2022-03-26,0.0,21.0,43.34,56.66,32.9,7.2,Sacajawea,2022,3,34.285714285714285,342.85714285714283,0.0,53.34,18.288,6.300000000000002
10041,2022-03-27,0.0,41.0,48.74,61.88,38.12,14.5,Brackett,2022,3,35.36585365853659,353.6585365853659,0.0,104.14,36.83,9.300000000000002
8214,2022-03-27,0.0,20.0,46.58,62.6,33.08,7.1,Sacajawea,2022,3,35.5,355.0,0.0,50.8,18.034,8.1
10042,2022-03-28,0.0,39.0,48.38,63.32,35.96,14.3,Brackett,2022,3,36.66666666666667,366.66666666666674,0.0,99.06,36.322,9.100000000000001
8215,2022-03-28,0.0,18.0,48.92,61.88,35.06,6.8,Sacajawea,2022,3,37.77777777777778,377.77777777777777,0.0,45.72,17.272,9.4
10043,2022-03-29,0.1,38.0,28.22,37.22,20.84,14.1,Brackett,2022,3,37.10526315789473,371.05263157894734,0.254,96.52,35.814,-2.1000000000000005
8216,2022-03-29,0.0,17.0,29.48,36.86,18.68,6.3,Sacajawea,2022,3,37.05882352941177,370.5882352941177,0.0,43.18,16.002,-1.3999999999999997
8217,2022-03-30,0.0,17.0,37.04,50.0,18.5,6.3,Sacajawea,2022,3,37.05882352941177,370.5882352941177,0.0,43.18,16.002,2.7999999999999994
10044,2022-03-30,0.0,37.0,36.32,50.0,21.2,14.0,Brackett,2022,3,37.83783783783784,378.3783783783784,0.0,93.98,35.56,2.4000000000000004
10045,2022-03-31,0.1,37.0,27.5,36.86,21.2,13.9,Brackett,2022,3,37.567567567567565,375.6756756756756,0.254,93.98,35.306000000000004,-2.5
8218,2022-03-31,0.0,15.0,30.92,39.56,25.88,6.1,Sacajawea,2022,3,40.666666666666664,406.66666666666663,0.0,38.1,15.494,-0.5999999999999991
10046,2022-04-01,0.2,38.0,28.94,37.58,21.2,14.0,Brackett,2022,4,36.84210526315789,368.4210526315789,0.508,96.52,35.56,-1.6999999999999993
8219,2022-04-01,0.0,16.0,32.36,40.82,24.26,6.1,Sacajawea,2022,4,38.125,381.25,0.0,40.64,15.494,0.19999999999999968
8220,2022-04-02,0.2,15.0,33.98,46.94,26.78,5.9,Sacajawea,2022,4,39.333333333333336,393.33333333333337,0.508,38.1,14.986,1.0999999999999983
10047,2022-04-02,0.2,38.0,32.0,46.04,23.54,14.2,Brackett,2022,4,37.368421052631575,373.6842105263157,0.508,96.52,36.068,0.0
10048,2022-04-03,0.4,40.0,33.62,46.22,20.84,14.2,Brackett,2022,4,35.5,355.0,1.016,101.6,36.068,0.8999999999999986
8221,2022-04-03,0.0,17.0,36.14,46.4,25.16,6.1,Sacajawea,2022,4,35.88235294117647,358.8235294117647,0.0,43.18,15.494,2.3000000000000003
10049,2022-04-04,0.3,39.0,32.9,38.12,22.1,14.6,Brackett,2022,4,37.43589743589744,374.35897435897436,0.762,99.06,37.083999999999996,0.4999999999999992
8222,2022-04-04,0.2,15.0,36.32,42.08,25.52,6.1,Sacajawea,2022,4,40.666666666666664,406.66666666666663,0.508,38.1,15.494,2.4000000000000004
8223,2022-04-05,0.0,17.0,26.06,32.18,22.64,6.2,Sacajawea,2022,4,36.47058823529412,364.7058823529412,0.0,43.18,15.748000000000001,-3.3000000000000007
10050,2022-04-05,0.2,41.0,22.46,28.04,18.68,14.9,Brackett,2022,4,36.34146341463415,363.4146341463415,0.508,104.14,37.846000000000004,-5.3
8224,2022-04-06,0.2,15.0,28.94,39.56,20.3,6.2,Sacajawea,2022,4,41.333333333333336,413.33333333333337,0.508,38.1,15.748000000000001,-1.6999999999999993
10051,2022-04-06,0.1,40.0,26.78,37.22,19.22,15.1,Brackett,2022,4,37.75,377.5,0.254,101.6,38.354,-2.8999999999999995
8225,2022-04-07,0.1,16.0,38.12,51.44,19.04,6.4,Sacajawea,2022,4,40.0,400.0,0.254,40.64,16.256,3.3999999999999986
10052,2022-04-07,0.1,41.0,37.94,51.08,21.92,15.2,Brackett,2022,4,37.073170731707314,370.73170731707313,0.254,104.14,38.608,3.299999999999999
8226,2022-04-08,0.1,16.0,53.42,64.94,37.58,6.2,Sacajawea,2022,4,38.75,387.5,0.254,40.64,15.748000000000001,11.9
10053,2022-04-08,0.0,39.0,50.0,62.96,34.88,15.3,Brackett,2022,4,39.23076923076923,392.3076923076923,0.0,99.06,38.862,10.0
10054,2022-04-09,0.2,37.0,26.78,35.6,18.5,15.0,Brackett,2022,4,40.54054054054054,405.4054054054054,0.508,93.98,38.1,-2.8999999999999995
8227,2022-04-09,0.0,12.0,30.2,38.48,22.64,5.6,Sacajawea,2022,4,46.666666666666664,466.66666666666663,0.0,30.48,14.223999999999998,-1.0000000000000004
10055,2022-04-10,0.0,36.0,20.84,30.56,15.62,14.9,Brackett,2022,4,41.38888888888889,413.8888888888889,0.0,91.44,37.846000000000004,-6.199999999999999
8228,2022-04-10,0.0,11.0,23.9,31.82,17.24,5.4,Sacajawea,2022,4,49.09090909090909,490.90909090909093,0.0,27.94,13.716000000000001,-4.500000000000001
10056,2022-04-11,0.3,36.0,19.4,29.12,11.66,14.9,Brackett,2022,4,41.38888888888889,413.8888888888889,0.762,91.44,37.846000000000004,-7.000000000000001
8229,2022-04-11,0.4,10.0,21.02,31.28,9.86,5.3,Sacajawea,2022,4,53.0,530.0,1.016,25.4,13.462,-6.1000000000000005
10057,2022-04-12,0.7,43.0,11.12,20.12,1.76,15.0,Brackett,2022,4,34.883720930232556,348.83720930232556,1.7779999999999998,109.22,38.1,-11.600000000000001
8230,2022-04-12,0.1,17.0,14.36,20.66,5.54,5.7,Sacajawea,2022,4,33.529411764705884,335.29411764705884,0.254,43.18,14.478000000000002,-9.8
10058,2022-04-13,0.4,49.0,7.52,26.78,-1.3,15.7,Brackett,2022,4,32.04081632653061,320.4081632653061,1.016,124.46000000000001,39.878,-13.600000000000001
8231,2022-04-13,0.0,21.0,8.06,25.34,-4.36,5.8,Sacajawea,2022,4,27.61904761904762,276.1904761904762,0.0,53.34,14.732,-13.299999999999999
10059,2022-04-14,0.3,47.0,12.92,26.06,-0.4,16.1,Brackett,2022,4,34.255319148936174,342.5531914893617,0.762,119.38,40.894000000000005,-10.6
8232,2022-04-14,0.4,19.0,14.0,28.04,-4.36,5.8,Sacajawea,2022,4,30.526315789473685,305.2631578947369,1.016,48.26,14.732,-10.0
10060,2022-04-15,0.1,49.0,16.7,30.2,3.02,16.4,Brackett,2022,4,33.469387755102034,334.69387755102036,0.254,124.46000000000001,41.656,-8.5
8233,2022-04-15,0.0,21.0,18.5,33.44,3.74,6.2,Sacajawea,2022,4,29.523809523809526,295.23809523809524,0.0,53.34,15.748000000000001,-7.5
10061,2022-04-16,0.9,47.0,22.64,32.9,14.0,16.5,Brackett,2022,4,35.1063829787234,351.063829787234,2.286,119.38,41.910000000000004,-5.199999999999999
8234,2022-04-16,1.0,18.0,22.28,33.44,10.4,6.0,Sacajawea,2022,4,33.33333333333333,333.33333333333326,2.54,45.72,15.24,-5.3999999999999995
8235,2022-04-17,0.0,23.0,23.72,33.08,14.36,6.4,Sacajawea,2022,4,27.82608695652174,278.2608695652174,0.0,58.42,16.256,-4.6000000000000005
10062,2022-04-17,0.0,52.0,21.92,31.64,16.52,17.4,Brackett,2022,4,33.46153846153846,334.6153846153846,0.0,132.08,44.196,-5.599999999999999
8236,2022-04-18,0.1,22.0,31.46,46.58,14.0,6.2,Sacajawea,2022,4,28.18181818181818,281.8181818181818,0.254,55.88,15.748000000000001,-0.29999999999999954
10063,2022-04-18,0.0,50.0,32.0,45.86,18.14,17.4,Brackett,2022,4,34.8,348.0,0.0,127.0,44.196,0.0
8237,2022-04-19,0.0,19.0,35.06,46.58,22.46,6.1,Sacajawea,2022,4,32.10526315789474,321.0526315789474,0.0,48.26,15.494,1.7000000000000013
10064,2022-04-19,0.1,48.0,33.08,41.72,24.08,17.4,Brackett,2022,4,36.25,362.5,0.254,121.92,44.196,0.5999999999999991
8238,2022-04-20,0.0,19.0,34.7,43.88,28.04,5.9,Sacajawea,2022,4,31.05263157894737,310.5263157894737,0.0,48.26,14.986,1.5000000000000016
10065,2022-04-20,0.0,48.0,31.1,42.62,23.54,17.3,Brackett,2022,4,36.041666666666664,360.41666666666663,0.0,121.92,43.942,-0.4999999999999992
8239,2022-04-21,0.2,18.0,35.06,48.02,26.06,5.8,Sacajawea,2022,4,32.22222222222222,322.22222222222223,0.508,45.72,14.732,1.7000000000000013
10066,2022-04-21,0.1,47.0,33.8,47.3,22.1,17.2,Brackett,2022,4,36.59574468085106,365.9574468085106,0.254,119.38,43.687999999999995,0.9999999999999984
8240,2022-04-22,0.8,16.0,33.98,37.94,30.74,6.0,Sacajawea,2022,4,37.5,375.0,2.032,40.64,15.24,1.0999999999999983
10067,2022-04-22,0.6,45.0,32.18,37.94,28.04,17.1,Brackett,2022,4,38.0,380.0,1.524,114.3,43.434000000000005,0.09999999999999984
10068,2022-04-23,0.1,54.0,30.74,38.48,26.96,17.6,Brackett,2022,4,32.592592592592595,325.925925925926,0.254,137.16,44.70400000000001,-0.7000000000000008
8241,2022-04-23,0.1,21.0,33.26,40.64,30.02,6.8,Sacajawea,2022,4,32.38095238095238,323.8095238095238,0.254,53.34,17.272,0.6999999999999988
10069,2022-04-24,0.0,50.0,32.36,44.96,26.06,17.5,Brackett,2022,4,35.0,350.0,0.0,127.0,44.45,0.19999999999999968
8242,2022-04-24,0.0,18.0,33.8,46.04,23.54,6.9,Sacajawea,2022,4,38.333333333333336,383.33333333333337,0.0,45.72,17.526,0.9999999999999984
10070,2022-04-25,0.1,50.0,40.1,52.52,27.86,17.3,Brackett,2022,4,34.6,346.0,0.254,127.0,43.942,4.500000000000001
8243,2022-04-25,0.0,18.0,40.28,54.5,22.64,6.9,Sacajawea,2022,4,38.333333333333336,383.33333333333337,0.0,45.72,17.526,4.6000000000000005
8244,2022-04-26,0.0,16.0,42.62,50.72,32.72,6.7,Sacajawea,2022,4,41.875,418.75,0.0,40.64,17.018,5.899999999999999
10071,2022-04-26,0.0,48.0,40.64,51.08,31.46,17.1,Brackett,2022,4,35.625,356.25,0.0,121.92,43.434000000000005,4.800000000000001
8245,2022-04-27,0.0,16.0,37.58,51.8,29.3,6.6,Sacajawea,2022,4,41.25,412.5,0.0,40.64,16.764,3.099999999999999
10072,2022-04-27,0.0,47.0,36.68,50.54,29.12,17.0,Brackett,2022,4,36.17021276595745,361.7021276595745,0.0,119.38,43.18,2.5999999999999996
8246,2022-04-28,0.2,15.0,36.5,46.4,26.42,6.4,Sacajawea,2022,4,42.66666666666667,426.66666666666674,0.508,38.1,16.256,2.5
10073,2022-04-28,0.2,43.0,35.78,46.94,28.04,16.9,Brackett,2022,4,39.30232558139535,393.0232558139535,0.508,109.22,42.925999999999995,2.1000000000000005
8247,2022-04-29,0.1,15.0,34.34,45.68,27.68,6.3,Sacajawea,2022,4,42.0,420.0,0.254,38.1,16.002,1.3000000000000018
10074,2022-04-29,0.1,45.0,32.72,45.68,26.6,16.9,Brackett,2022,4,37.55555555555555,375.5555555555555,0.254,114.3,42.925999999999995,0.39999999999999936
8248,2022-04-30,0.0,14.0,37.94,51.8,23.72,6.4,Sacajawea,2022,4,45.714285714285715,457.14285714285717,0.0,35.56,16.256,3.299999999999999
10075,2022-04-30,0.0,44.0,37.04,51.8,25.88,17.0,Brackett,2022,4,38.63636363636363,386.3636363636363,0.0,111.76,43.18,2.7999999999999994
8249,2022-05-01,0.2,12.0,35.06,37.4,33.98,5.9,Sacajawea,2022,5,49.16666666666667,491.66666666666674,0.508,30.48,14.986,1.7000000000000013
10076,2022-05-01,0.4,41.0,33.08,35.96,31.28,16.8,Brackett,2022,5,40.97560975609756,409.7560975609756,1.016,104.14,42.672000000000004,0.5999999999999991
10077,2022-05-02,0.1,46.0,39.02,52.34,30.38,17.1,Brackett,2022,5,37.173913043478265,371.7391304347826,0.254,116.84,43.434000000000005,3.9000000000000017
8250,2022-05-02,0.0,14.0,41.0,53.24,32.36,6.1,Sacajawea,2022,5,43.57142857142857,435.71428571428567,0.0,35.56,15.494,5.0
10078,2022-05-03,0.9,43.0,36.5,39.02,34.16,16.8,Brackett,2022,5,39.06976744186046,390.6976744186046,2.286,109.22,42.672000000000004,2.5
8251,2022-05-03,0.9,12.0,37.4,41.36,32.72,5.4,Sacajawea,2022,5,45.0,450.0,2.286,30.48,13.716000000000001,2.999999999999999
8252,2022-05-04,0.0,11.0,42.62,54.32,30.92,5.3,Sacajawea,2022,5,48.18181818181818,481.8181818181818,0.0,27.94,13.462,5.899999999999999
10079,2022-05-04,0.0,46.0,44.6,57.92,32.9,17.7,Brackett,2022,5,38.47826086956522,384.7826086956522,0.0,116.84,44.958,7.000000000000001
8253,2022-05-05,0.0,9.0,51.98,65.84,37.58,4.3,Sacajawea,2022,5,47.77777777777777,477.7777777777777,0.0,22.86,10.921999999999999,11.099999999999998
10080,2022-05-05,0.0,44.0,50.72,67.64,40.64,17.1,Brackett,2022,5,38.86363636363637,388.6363636363637,0.0,111.76,43.434000000000005,10.399999999999999
8254,2022-05-06,0.0,5.0,48.74,57.56,40.64,3.1,Sacajawea,2022,5,,,0.0,12.7,7.8740000000000006,9.300000000000002
10081,2022-05-06,0.0,40.0,44.96,55.4,37.22,16.1,Brackett,2022,5,40.25,402.5,0.0,101.6,40.894000000000005,7.200000000000001
8255,2022-05-07,0.9,2.0,36.68,48.74,32.54,2.0,Sacajawea,2022,5,,,2.286,5.08,5.08,2.5999999999999996
10082,2022-05-07,0.8,39.0,34.34,43.7,30.02,15.2,Brackett,2022,5,38.97435897435898,389.7435897435898,2.032,99.06,38.608,1.3000000000000018
10083,2022-05-08,0.6,41.0,31.28,42.98,25.34,15.9,Brackett,2022,5,38.78048780487805,387.8048780487805,1.524,104.14,40.386,-0.39999999999999936
8256,2022-05-08,0.6,3.0,33.62,41.18,28.22,2.4,Sacajawea,2022,5,,,1.524,7.62,6.096,0.8999999999999986
10084,2022-05-09,0.1,47.0,28.76,41.9,22.64,16.5,Brackett,2022,5,35.1063829787234,351.063829787234,0.254,119.38,41.910000000000004,-1.7999999999999992
8257,2022-05-09,0.0,10.0,31.46,40.28,26.06,3.0,Sacajawea,2022,5,30.0,300.0,0.0,25.4,7.62,-0.29999999999999954
8258,2022-05-10,0.0,5.0,35.6,46.4,26.42,3.0,Sacajawea,2022,5,,,0.0,12.7,7.62,2.000000000000001
10085,2022-05-10,0.0,43.0,33.44,45.86,23.9,16.6,Brackett,2022,5,38.604651162790695,386.04651162790697,0.0,109.22,42.164,0.7999999999999987
10086,2022-05-11,0.0,42.0,39.38,52.88,26.78,16.6,Brackett,2022,5,39.523809523809526,395.23809523809524,0.0,106.68,42.164,4.100000000000001
8259,2022-05-11,0.0,4.0,40.28,52.52,24.8,2.6,Sacajawea,2022,5,,,0.0,10.16,6.604,4.6000000000000005
10087,2022-05-12,0.4,40.0,36.14,42.08,32.0,16.2,Brackett,2022,5,40.5,405.0,1.016,101.6,41.147999999999996,2.3000000000000003
8260,2022-05-12,0.3,3.0,37.04,42.8,31.82,2.0,Sacajawea,2022,5,,,0.762,7.62,5.08,2.7999999999999994
10088,2022-05-13,0.1,40.0,35.78,42.44,31.28,16.4,Brackett,2022,5,41.0,410.0,0.254,101.6,41.656,2.1000000000000005
8261,2022-05-13,0.1,3.0,39.74,46.22,35.96,2.0,Sacajawea,2022,5,,,0.254,7.62,5.08,4.300000000000001
8262,2022-05-14,0.3,2.0,41.18,48.56,35.78,1.7,Sacajawea,2022,5,,,0.762,5.08,4.318,5.1
10089,2022-05-14,0.1,41.0,38.84,47.48,32.9,16.5,Brackett,2022,5,40.243902439024396,402.43902439024396,0.254,104.14,41.910000000000004,3.800000000000002
8263,2022-05-15,0.0,1.0,47.84,61.34,37.4,1.2,Sacajawea,2022,5,,,0.0,2.54,3.048,8.800000000000002
10090,2022-05-15,0.1,40.0,47.48,59.54,36.32,16.5,Brackett,2022,5,41.25,412.5,0.254,101.6,41.910000000000004,8.599999999999998
8264,2022-05-16,0.3,1.0,49.82,63.5,39.02,0.2,Sacajawea,2022,5,20.0,200.0,0.762,2.54,0.508,9.899999999999999
10091,2022-05-16,0.2,38.0,48.2,61.7,39.02,15.4,Brackett,2022,5,40.526315789473685,405.2631578947369,0.508,96.52,39.116,9.000000000000002
8265,2022-05-17,0.0,,46.58,59.72,35.96,,Sacajawea,2022,5,,,0.0,,,8.1
10092,2022-05-17,0.1,35.0,46.58,56.84,39.56,14.3,Brackett,2022,5,40.85714285714286,408.5714285714286,0.254,88.9,36.322,8.1
8266,2022-05-18,0.2,,45.68,56.12,32.0,,Sacajawea,2022,5,,,0.508,,,7.6000000000000005
10093,2022-05-18,0.1,32.0,44.24,56.3,35.06,12.7,Brackett,2022,5,39.6875,396.875,0.254,81.28,32.257999999999996,6.800000000000001
8267,2022-05-19,0.4,,34.16,42.44,27.5,,Sacajawea,2022,5,,,1.016,,,1.1999999999999982
10094,2022-05-19,0.3,30.0,31.28,40.46,24.26,12.0,Brackett,2022,5,40.0,400.0,0.762,76.2,30.48,-0.39999999999999936
8268,2022-05-20,0.0,,32.72,42.62,25.52,,Sacajawea,2022,5,,,0.0,,,0.39999999999999936
10095,2022-05-20,0.6,32.0,30.74,43.88,23.36,12.0,Brackett,2022,5,37.5,375.0,1.524,81.28,30.48,-0.7000000000000008
8269,2022-05-21,0.0,,33.62,40.82,24.44,,Sacajawea,2022,5,,,0.0,,,0.8999999999999986
10096,2022-05-21,0.0,31.0,31.28,40.64,22.64,12.6,Brackett,2022,5,40.64516129032258,406.45161290322574,0.0,78.74,32.004,-0.39999999999999936
10097,2022-05-22,0.0,31.0,33.62,44.24,26.6,12.5,Brackett,2022,5,40.32258064516129,403.22580645161287,0.0,78.74,31.75,0.8999999999999986
8270,2022-05-22,0.0,,35.6,45.5,29.66,,Sacajawea,2022,5,,,0.0,,,2.000000000000001
10098,2022-05-23,0.0,29.0,40.28,50.54,30.92,12.5,Brackett,2022,5,43.103448275862064,431.03448275862064,0.0,73.66,31.75,4.6000000000000005
8271,2022-05-23,0.0,,40.46,51.44,29.48,,Sacajawea,2022,5,,,0.0,,,4.7
10099,2022-05-24,0.0,29.0,43.16,54.86,34.7,12.2,Brackett,2022,5,42.068965517241374,420.6896551724137,0.0,73.66,30.988,6.199999999999998
8272,2022-05-24,0.0,,44.24,55.22,35.06,,Sacajawea,2022,5,,,0.0,,,6.800000000000001
8273,2022-05-25,0.0,,48.2,61.88,34.7,,Sacajawea,2022,5,,,0.0,,,9.000000000000002
10100,2022-05-25,0.0,28.0,47.48,59.0,36.68,11.3,Brackett,2022,5,40.35714285714286,403.5714285714286,0.0,71.12,28.702,8.599999999999998
10101,2022-05-26,0.0,26.0,54.68,66.2,43.7,10.0,Brackett,2022,5,38.46153846153847,384.61538461538464,0.0,66.04,25.4,12.600000000000001
8274,2022-05-26,0.0,,56.3,69.44,38.66,,Sacajawea,2022,5,,,0.0,,,13.499999999999998
8275,2022-05-27,0.7,,51.8,59.72,44.06,,Sacajawea,2022,5,,,1.7779999999999998,,,10.999999999999998
10102,2022-05-27,0.5,22.0,48.2,56.12,41.36,8.4,Brackett,2022,5,38.18181818181819,381.81818181818187,1.27,55.88,21.336000000000002,9.000000000000002
8276,2022-05-28,0.6,,43.52,50.72,39.2,,Sacajawea,2022,5,,,1.524,,,6.400000000000002
10103,2022-05-28,0.9,18.0,40.82,48.38,36.86,7.4,Brackett,2022,5,41.111111111111114,411.11111111111114,2.286,45.72,18.796000000000003,4.9
10104,2022-05-29,1.5,17.0,37.4,47.84,34.52,6.7,Brackett,2022,5,39.411764705882355,394.11764705882354,3.81,43.18,17.018,2.999999999999999
8277,2022-05-29,1.1,,40.28,46.4,37.4,,Sacajawea,2022,5,,,2.7940000000000005,,,4.6000000000000005
8278,2022-05-30,0.3,,39.2,41.72,37.58,,Sacajawea,2022,5,,,0.762,,,4.000000000000002
10105,2022-05-30,0.3,17.0,36.14,38.48,34.88,6.7,Brackett,2022,5,39.411764705882355,394.11764705882354,0.762,43.18,17.018,2.3000000000000003
10106,2022-05-31,0.0,17.0,38.84,50.0,34.16,6.5,Brackett,2022,5,38.23529411764706,382.3529411764706,0.0,43.18,16.51,3.800000000000002
8279,2022-05-31,0.0,,41.18,51.62,33.08,,Sacajawea,2022,5,,,0.0,,,5.1
10107,2022-06-01,0.0,14.0,43.16,54.5,34.34,5.9,Brackett,2022,6,42.142857142857146,421.42857142857144,0.0,35.56,14.986,6.199999999999998
8280,2022-06-01,0.0,,44.24,56.12,32.18,,Sacajawea,2022,6,,,0.0,,,6.800000000000001
10108,2022-06-02,0.0,13.0,45.5,58.1,37.22,5.0,Brackett,2022,6,38.46153846153847,384.61538461538464,0.0,33.02,12.7,7.5
8281,2022-06-02,0.0,,47.12,58.1,36.14,,Sacajawea,2022,6,,,0.0,,,8.399999999999999
10109,2022-06-03,0.2,10.0,47.66,60.98,38.84,4.0,Brackett,2022,6,40.0,400.0,0.508,25.4,10.16,8.699999999999998
8282,2022-06-03,0.4,,48.56,64.4,38.3,,Sacajawea,2022,6,,,1.016,,,9.200000000000001
8283,2022-06-04,0.6,,50.72,62.06,38.66,,Sacajawea,2022,6,,,1.524,,,10.399999999999999
10110,2022-06-04,0.6,6.0,49.82,61.7,41.72,2.6,Brackett,2022,6,43.333333333333336,433.33333333333337,1.524,15.24,6.604,9.899999999999999
10111,2022-06-05,0.9,2.0,44.96,54.86,40.82,1.1,Brackett,2022,6,55.00000000000001,550.0000000000001,2.286,5.08,2.7940000000000005,7.200000000000001
8284,2022-06-05,0.8,,47.12,57.56,40.28,,Sacajawea,2022,6,,,2.032,,,8.399999999999999
10112,2022-06-06,0.9,1.0,40.82,47.48,37.94,0.3,Brackett,2022,6,30.0,300.0,2.286,2.54,0.762,4.9
8285,2022-06-06,0.7,,43.16,50.72,37.04,,Sacajawea,2022,6,,,1.7779999999999998,,,6.199999999999998
10113,2022-06-07,0.1,1.0,42.62,52.52,37.04,0.2,Brackett,2022,6,20.0,200.0,0.254,2.54,0.508,5.899999999999999
8286,2022-06-07,0.0,,44.78,57.02,35.6,,Sacajawea,2022,6,,,0.0,,,7.1000000000000005
8287,2022-06-08,0.0,,48.02,60.26,35.06,,Sacajawea,2022,6,,,0.0,,,8.900000000000002
10114,2022-06-08,0.1,1.0,47.12,58.64,37.04,0.2,Brackett,2022,6,20.0,200.0,0.254,2.54,0.508,8.399999999999999
8288,2022-06-09,0.0,,54.68,64.94,45.32,,Sacajawea,2022,6,,,0.0,,,12.600000000000001
10115,2022-06-09,0.0,,52.52,61.16,42.62,,Brackett,2022,6,,,0.0,,,11.400000000000002
10116,2022-06-10,0.0,,56.66,68.9,48.92,,Brackett,2022,6,,,0.0,,,13.699999999999998
8289,2022-06-10,0.0,,59.18,69.62,47.84,,Sacajawea,2022,6,,,0.0,,,15.100000000000001
10117,2022-06-11,0.0,,49.64,60.44,44.42,,Brackett,2022,6,,,0.0,,,9.8
8290,2022-06-11,0.1,,51.98,62.42,44.6,,Sacajawea,2022,6,,,0.254,,,11.099999999999998
10118,2022-06-12,0.1,,47.3,53.96,43.34,,Brackett,2022,6,,,0.254,,,8.499999999999998
8291,2022-06-12,0.1,,49.1,56.12,43.88,,Sacajawea,2022,6,,,0.254,,,9.5
8292,2022-06-13,1.2,,42.8,49.1,36.32,,Sacajawea,2022,6,,,3.048,,,5.999999999999998
10119,2022-06-13,1.3,,39.74,47.48,33.62,,Brackett,2022,6,,,3.302,,,4.300000000000001
8293,2022-06-14,0.0,,39.38,44.78,35.42,,Sacajawea,2022,6,,,0.0,,,4.100000000000001
10120,2022-06-14,0.1,,35.06,40.28,31.82,,Brackett,2022,6,,,0.254,,,1.7000000000000013
8294,2022-06-15,0.0,,46.94,60.08,37.4,,Sacajawea,2022,6,,,0.0,,,8.299999999999999
10121,2022-06-15,0.1,,44.78,55.4,33.8,,Brackett,2022,6,,,0.254,,,7.1000000000000005
8295,2022-06-16,0.0,,55.4,71.6,37.22,,Sacajawea,2022,6,,,0.0,,,13.0
10122,2022-06-16,0.1,,56.84,69.44,42.26,,Brackett,2022,6,,,0.254,,,13.800000000000002
8296,2022-06-17,0.0,,63.86,80.96,45.68,,Sacajawea,2022,6,,,0.0,,,17.700000000000003
10123,2022-06-17,0.0,,65.3,78.8,51.26,,Brackett,2022,6,,,0.0,,,18.5
10124,2022-06-18,0.0,,64.04,74.3,52.88,,Brackett,2022,6,,,0.0,,,17.800000000000004
8297,2022-06-18,0.0,,66.2,75.92,54.5,,Sacajawea,2022,6,,,0.0,,,19.0
8298,2022-06-19,0.4,,49.46,58.82,39.38,,Sacajawea,2022,6,,,1.016,,,9.700000000000001
10125,2022-06-19,0.0,,47.84,56.3,37.76,,Brackett,2022,6,,,0.0,,,8.800000000000002
8299,2022-06-20,1.6,,42.44,50.36,37.94,,Sacajawea,2022,6,,,4.064,,,5.799999999999999
10126,2022-06-20,1.5,,39.38,44.78,35.24,,Brackett,2022,6,,,3.81,,,4.100000000000001
8300,2022-06-21,0.0,,49.28,60.98,40.64,,Sacajawea,2022,6,,,0.0,,,9.600000000000001
10127,2022-06-21,0.2,,48.2,57.92,37.94,,Brackett,2022,6,,,0.508,,,9.000000000000002
8301,2022-06-22,0.0,,60.44,71.96,41.72,,Sacajawea,2022,6,,,0.0,,,15.799999999999999
10128,2022-06-22,0.0,,57.92,69.08,45.32,,Brackett,2022,6,,,0.0,,,14.400000000000002
8302,2022-06-23,0.0,,60.8,75.38,44.78,,Sacajawea,2022,6,,,0.0,,,16.0
10129,2022-06-23,0.0,,60.44,72.5,48.56,,Brackett,2022,6,,,0.0,,,15.799999999999999
8303,2022-06-24,0.0,,50.9,66.02,32.36,,Sacajawea,2022,6,,,0.0,,,10.5
10130,2022-06-24,0.0,,49.46,63.5,33.26,,Brackett,2022,6,,,0.0,,,9.700000000000001
8304,2022-06-25,0.0,,45.14,58.46,31.82,,Sacajawea,2022,6,,,0.0,,,7.300000000000001
10131,2022-06-25,0.0,,43.7,55.4,32.54,,Brackett,2022,6,,,0.0,,,6.500000000000002
10132,2022-06-26,0.0,,54.14,68.36,38.84,,Brackett,2022,6,,,0.0,,,12.3
8305,2022-06-26,0.0,,52.88,70.88,34.52,,Sacajawea,2022,6,,,0.0,,,11.600000000000001
8306,2022-06-27,0.0,,60.8,75.92,44.24,,Sacajawea,2022,6,,,0.0,,,16.0
10133,2022-06-27,0.1,,63.68,74.3,53.6,,Brackett,2022,6,,,0.254,,,17.6
10134,2022-06-28,0.0,,65.84,79.52,57.56,,Brackett,2022,6,,,0.0,,,18.8
8307,2022-06-28,0.0,,64.58,79.52,50.18,,Sacajawea,2022,6,,,0.0,,,18.099999999999998
10135,2022-06-29,0.0,,58.82,68.36,48.2,,Brackett,2022,6,,,0.0,,,14.899999999999999
8308,2022-06-29,0.0,,57.56,71.6,41.9,,Sacajawea,2022,6,,,0.0,,,14.200000000000001
10136,2022-06-30,0.0,,55.04,66.2,44.24,,Brackett,2022,6,,,0.0,,,12.799999999999999
8309,2022-06-30,0.0,,54.14,68.72,38.3,,Sacajawea,2022,6,,,0.0,,,12.3
